,patient,accuracy,bands
0,1,0.9,6-30Hz
1,1,0.8833333333333333,6-30Hz
2,1,0.7666666666666667,6-30Hz
3,1,0.9,6-30Hz
4,1,0.8333333333333334,6-30Hz
5,1,0.9166666666666666,6-30Hz
6,1,0.95,6-30Hz
7,1,0.7833333333333333,6-30Hz
8,1,0.8333333333333334,6-30Hz
9,1,0.85,6-30Hz
10,1,0.8833333333333333,9-14Hz
11,1,0.8666666666666667,9-14Hz
12,1,0.7333333333333333,9-14Hz
13,1,0.85,9-14Hz
14,1,0.8333333333333334,9-14Hz
15,1,0.8333333333333334,9-14Hz
16,1,0.8833333333333333,9-14Hz
17,1,0.8166666666666667,9-14Hz
18,1,0.7666666666666667,9-14Hz
19,1,0.8,9-14Hz
20,1,0.8333333333333334,10-12Hz
21,1,0.8166666666666667,10-12Hz
22,1,0.8,10-12Hz
23,1,0.9,10-12Hz
24,1,0.8333333333333334,10-12Hz
25,1,0.8333333333333334,10-12Hz
26,1,0.8666666666666667,10-12Hz
27,1,0.7666666666666667,10-12Hz
28,1,0.75,10-12Hz
29,1,0.7833333333333333,10-12Hz
30,2,0.5166666666666667,6-30Hz
31,2,0.5833333333333334,6-30Hz
32,2,0.5833333333333334,6-30Hz
33,2,0.6,6-30Hz
34,2,0.6333333333333333,6-30Hz
35,2,0.5,6-30Hz
36,2,0.38333333333333336,6-30Hz
37,2,0.5666666666666667,6-30Hz
38,2,0.6333333333333333,6-30Hz
39,2,0.55,6-30Hz
40,2,0.4666666666666667,9-14Hz
41,2,0.55,9-14Hz
42,2,0.45,9-14Hz
43,2,0.5166666666666667,9-14Hz
44,2,0.5833333333333334,9-14Hz
45,2,0.55,9-14Hz
46,2,0.5833333333333334,9-14Hz
47,2,0.48333333333333334,9-14Hz
48,2,0.5333333333333333,9-14Hz
49,2,0.5333333333333333,9-14Hz
50,2,0.55,10-12Hz
51,2,0.5666666666666667,10-12Hz
52,2,0.5666666666666667,10-12Hz
53,2,0.4166666666666667,10-12Hz
54,2,0.5,10-12Hz
55,2,0.6,10-12Hz
56,2,0.6333333333333333,10-12Hz
57,2,0.5,10-12Hz
58,2,0.5,10-12Hz
59,2,0.5,10-12Hz
60,3,0.8666666666666667,6-30Hz
61,3,0.95,6-30Hz
62,3,0.8833333333333333,6-30Hz
63,3,0.8666666666666667,6-30Hz
64,3,0.85,6-30Hz
65,3,0.85,6-30Hz
66,3,0.9,6-30Hz
67,3,0.8666666666666667,6-30Hz
68,3,0.8166666666666667,6-30Hz
69,3,0.8666666666666667,6-30Hz
70,3,0.8,9-14Hz
71,3,0.9,9-14Hz
72,3,0.9,9-14Hz
73,3,0.85,9-14Hz
74,3,0.8333333333333334,9-14Hz
75,3,0.85,9-14Hz
76,3,0.9,9-14Hz
77,3,0.9166666666666666,9-14Hz
78,3,0.8,9-14Hz
79,3,0.8666666666666667,9-14Hz
80,3,0.6333333333333333,10-12Hz
81,3,0.8333333333333334,10-12Hz
82,3,0.6666666666666666,10-12Hz
83,3,0.8,10-12Hz
84,3,0.65,10-12Hz
85,3,0.6666666666666666,10-12Hz
86,3,0.7333333333333333,10-12Hz
87,3,0.65,10-12Hz
88,3,0.65,10-12Hz
89,3,0.7166666666666667,10-12Hz
90,4,0.8166666666666667,6-30Hz
91,4,0.85,6-30Hz
92,4,0.8166666666666667,6-30Hz
93,4,0.8666666666666667,6-30Hz
94,4,0.8666666666666667,6-30Hz
95,4,0.75,6-30Hz
96,4,0.8,6-30Hz
97,4,0.8,6-30Hz
98,4,0.8166666666666667,6-30Hz
99,4,0.7666666666666667,6-30Hz
100,4,0.9,9-14Hz
101,4,0.85,9-14Hz
102,4,0.85,9-14Hz
103,4,0.9,9-14Hz
104,4,0.9333333333333333,9-14Hz
105,4,0.8666666666666667,9-14Hz
106,4,0.9,9-14Hz
107,4,0.7833333333333333,9-14Hz
108,4,0.9166666666666666,9-14Hz
109,4,0.95,9-14Hz
110,4,0.7666666666666667,10-12Hz
111,4,0.7833333333333333,10-12Hz
112,4,0.7333333333333333,10-12Hz
113,4,0.75,10-12Hz
114,4,0.7833333333333333,10-12Hz
115,4,0.7666666666666667,10-12Hz
116,4,0.7666666666666667,10-12Hz
117,4,0.7166666666666667,10-12Hz
118,4,0.7166666666666667,10-12Hz
119,4,0.7666666666666667,10-12Hz
120,5,0.7666666666666667,6-30Hz
121,5,0.7,6-30Hz
122,5,0.6,6-30Hz
123,5,0.7,6-30Hz
124,5,0.7166666666666667,6-30Hz
125,5,0.7833333333333333,6-30Hz
126,5,0.6833333333333333,6-30Hz
127,5,0.75,6-30Hz
128,5,0.7333333333333333,6-30Hz
129,5,0.7833333333333333,6-30Hz
130,5,0.7,9-14Hz
131,5,0.75,9-14Hz
132,5,0.6833333333333333,9-14Hz
133,5,0.65,9-14Hz
134,5,0.7166666666666667,9-14Hz
135,5,0.8,9-14Hz
136,5,0.6666666666666666,9-14Hz
137,5,0.75,9-14Hz
138,5,0.7,9-14Hz
139,5,0.7333333333333333,9-14Hz
140,5,0.7166666666666667,10-12Hz
141,5,0.7166666666666667,10-12Hz
142,5,0.7333333333333333,10-12Hz
143,5,0.6166666666666667,10-12Hz
144,5,0.7,10-12Hz
145,5,0.7833333333333333,10-12Hz
146,5,0.7166666666666667,10-12Hz
147,5,0.6833333333333333,10-12Hz
148,5,0.7333333333333333,10-12Hz
149,5,0.7833333333333333,10-12Hz
150,6,0.6851851851851852,6-30Hz
151,6,0.6666666666666666,6-30Hz
152,6,0.6666666666666666,6-30Hz
153,6,0.6111111111111112,6-30Hz
154,6,0.7037037037037037,6-30Hz
155,6,0.7037037037037037,6-30Hz
156,6,0.6111111111111112,6-30Hz
157,6,0.7222222222222222,6-30Hz
158,6,0.6851851851851852,6-30Hz
159,6,0.6851851851851852,6-30Hz
160,6,0.7037037037037037,9-14Hz
161,6,0.6851851851851852,9-14Hz
162,6,0.6666666666666666,9-14Hz
163,6,0.6111111111111112,9-14Hz
164,6,0.6851851851851852,9-14Hz
165,6,0.6296296296296297,9-14Hz
166,6,0.7037037037037037,9-14Hz
167,6,0.6296296296296297,9-14Hz
168,6,0.6481481481481481,9-14Hz
169,6,0.5925925925925926,9-14Hz
170,6,0.7222222222222222,10-12Hz
171,6,0.6296296296296297,10-12Hz
172,6,0.7037037037037037,10-12Hz
173,6,0.6666666666666666,10-12Hz
174,6,0.7407407407407407,10-12Hz
175,6,0.6296296296296297,10-12Hz
176,6,0.7407407407407407,10-12Hz
177,6,0.6111111111111112,10-12Hz
178,6,0.6666666666666666,10-12Hz
179,6,0.6296296296296297,10-12Hz
180,7,0.6666666666666666,6-30Hz
181,7,0.6805555555555556,6-30Hz
182,7,0.5972222222222222,6-30Hz
183,7,0.5694444444444444,6-30Hz
184,7,0.5972222222222222,6-30Hz
185,7,0.6111111111111112,6-30Hz
186,7,0.5694444444444444,6-30Hz
187,7,0.5138888888888888,6-30Hz
188,7,0.625,6-30Hz
189,7,0.5972222222222222,6-30Hz
190,7,0.6805555555555556,9-14Hz
191,7,0.625,9-14Hz
192,7,0.5972222222222222,9-14Hz
193,7,0.5833333333333334,9-14Hz
194,7,0.6388888888888888,9-14Hz
195,7,0.6944444444444444,9-14Hz
196,7,0.7222222222222222,9-14Hz
197,7,0.6527777777777778,9-14Hz
198,7,0.6388888888888888,9-14Hz
199,7,0.6388888888888888,9-14Hz
200,7,0.6111111111111112,10-12Hz
201,7,0.6388888888888888,10-12Hz
202,7,0.625,10-12Hz
203,7,0.6527777777777778,10-12Hz
204,7,0.5,10-12Hz
205,7,0.5694444444444444,10-12Hz
206,7,0.4861111111111111,10-12Hz
207,7,0.5833333333333334,10-12Hz
208,7,0.5555555555555556,10-12Hz
209,7,0.6111111111111112,10-12Hz
210,8,0.5,6-30Hz
211,8,0.48333333333333334,6-30Hz
212,8,0.5,6-30Hz
213,8,0.5166666666666667,6-30Hz
214,8,0.5166666666666667,6-30Hz
215,8,0.6166666666666667,6-30Hz
216,8,0.5166666666666667,6-30Hz
217,8,0.5333333333333333,6-30Hz
218,8,0.45,6-30Hz
219,8,0.5166666666666667,6-30Hz
220,8,0.6333333333333333,9-14Hz
221,8,0.6166666666666667,9-14Hz
222,8,0.6666666666666666,9-14Hz
223,8,0.5666666666666667,9-14Hz
224,8,0.5666666666666667,9-14Hz
225,8,0.6333333333333333,9-14Hz
226,8,0.7833333333333333,9-14Hz
227,8,0.6,9-14Hz
228,8,0.5,9-14Hz
229,8,0.65,9-14Hz
230,8,0.55,10-12Hz
231,8,0.5833333333333334,10-12Hz
232,8,0.6666666666666666,10-12Hz
233,8,0.4666666666666667,10-12Hz
234,8,0.5,10-12Hz
235,8,0.5166666666666667,10-12Hz
236,8,0.65,10-12Hz
237,8,0.55,10-12Hz
238,8,0.5166666666666667,10-12Hz
239,8,0.6,10-12Hz
240,9,0.6944444444444444,6-30Hz
241,9,0.7916666666666666,6-30Hz
242,9,0.6805555555555556,6-30Hz
243,9,0.625,6-30Hz
244,9,0.6111111111111112,6-30Hz
245,9,0.7083333333333334,6-30Hz
246,9,0.6944444444444444,6-30Hz
247,9,0.6666666666666666,6-30Hz
248,9,0.6666666666666666,6-30Hz
249,9,0.7222222222222222,6-30Hz
250,9,0.7638888888888888,9-14Hz
251,9,0.7638888888888888,9-14Hz
252,9,0.6527777777777778,9-14Hz
253,9,0.6944444444444444,9-14Hz
254,9,0.6805555555555556,9-14Hz
255,9,0.8055555555555556,9-14Hz
256,9,0.8055555555555556,9-14Hz
257,9,0.7361111111111112,9-14Hz
258,9,0.7777777777777778,9-14Hz
259,9,0.7777777777777778,9-14Hz
260,9,0.6944444444444444,10-12Hz
261,9,0.7916666666666666,10-12Hz
262,9,0.7083333333333334,10-12Hz
263,9,0.6805555555555556,10-12Hz
264,9,0.625,10-12Hz
265,9,0.75,10-12Hz
266,9,0.7361111111111112,10-12Hz
267,9,0.7361111111111112,10-12Hz
268,9,0.7222222222222222,10-12Hz
269,9,0.7361111111111112,10-12Hz
270,10,0.7166666666666667,6-30Hz
271,10,0.7333333333333333,6-30Hz
272,10,0.8,6-30Hz
273,10,0.7,6-30Hz
274,10,0.6666666666666666,6-30Hz
275,10,0.8333333333333334,6-30Hz
276,10,0.7833333333333333,6-30Hz
277,10,0.8,6-30Hz
278,10,0.7333333333333333,6-30Hz
279,10,0.75,6-30Hz
280,10,0.8333333333333334,9-14Hz
281,10,0.85,9-14Hz
282,10,0.8666666666666667,9-14Hz
283,10,0.8666666666666667,9-14Hz
284,10,0.8833333333333333,9-14Hz
285,10,0.8666666666666667,9-14Hz
286,10,0.8333333333333334,9-14Hz
287,10,0.8333333333333334,9-14Hz
288,10,0.8666666666666667,9-14Hz
289,10,0.9,9-14Hz
290,10,0.8833333333333333,10-12Hz
291,10,0.8333333333333334,10-12Hz
292,10,0.9166666666666666,10-12Hz
293,10,0.75,10-12Hz
294,10,0.8,10-12Hz
295,10,0.8166666666666667,10-12Hz
296,10,0.7833333333333333,10-12Hz
297,10,0.85,10-12Hz
298,10,0.8666666666666667,10-12Hz
299,10,0.8833333333333333,10-12Hz
300,11,0.6666666666666666,6-30Hz
301,11,0.7166666666666667,6-30Hz
302,11,0.7166666666666667,6-30Hz
303,11,0.6333333333333333,6-30Hz
304,11,0.6333333333333333,6-30Hz
305,11,0.6833333333333333,6-30Hz
306,11,0.7333333333333333,6-30Hz
307,11,0.6166666666666667,6-30Hz
308,11,0.6166666666666667,6-30Hz
309,11,0.7166666666666667,6-30Hz
310,11,0.7333333333333333,9-14Hz
311,11,0.65,9-14Hz
312,11,0.7,9-14Hz
313,11,0.6333333333333333,9-14Hz
314,11,0.8,9-14Hz
315,11,0.6833333333333333,9-14Hz
316,11,0.7333333333333333,9-14Hz
317,11,0.8166666666666667,9-14Hz
318,11,0.6666666666666666,9-14Hz
319,11,0.75,9-14Hz
320,11,0.5333333333333333,10-12Hz
321,11,0.5833333333333334,10-12Hz
322,11,0.6,10-12Hz
323,11,0.6166666666666667,10-12Hz
324,11,0.7833333333333333,10-12Hz
325,11,0.6166666666666667,10-12Hz
326,11,0.6333333333333333,10-12Hz
327,11,0.6333333333333333,10-12Hz
328,11,0.6,10-12Hz
329,11,0.65,10-12Hz
330,12,0.7169811320754716,6-30Hz
331,12,0.7924528301886793,6-30Hz
332,12,0.8679245283018868,6-30Hz
333,12,0.7924528301886793,6-30Hz
334,12,0.7547169811320755,6-30Hz
335,12,0.7924528301886793,6-30Hz
336,12,0.6981132075471698,6-30Hz
337,12,0.7358490566037735,6-30Hz
338,12,0.7169811320754716,6-30Hz
339,12,0.7358490566037735,6-30Hz
340,12,0.6981132075471698,9-14Hz
341,12,0.8113207547169812,9-14Hz
342,12,0.8113207547169812,9-14Hz
343,12,0.7924528301886793,9-14Hz
344,12,0.7547169811320755,9-14Hz
345,12,0.8301886792452831,9-14Hz
346,12,0.7169811320754716,9-14Hz
347,12,0.7735849056603774,9-14Hz
348,12,0.7547169811320755,9-14Hz
349,12,0.7358490566037735,9-14Hz
350,12,0.7547169811320755,10-12Hz
351,12,0.8113207547169812,10-12Hz
352,12,0.8301886792452831,10-12Hz
353,12,0.7735849056603774,10-12Hz
354,12,0.8113207547169812,10-12Hz
355,12,0.8490566037735849,10-12Hz
356,12,0.7735849056603774,10-12Hz
357,12,0.7547169811320755,10-12Hz
358,12,0.7735849056603774,10-12Hz
359,12,0.7358490566037735,10-12Hz
360,13,0.6333333333333333,6-30Hz
361,13,0.6333333333333333,6-30Hz
362,13,0.6166666666666667,6-30Hz
363,13,0.6166666666666667,6-30Hz
364,13,0.65,6-30Hz
365,13,0.65,6-30Hz
366,13,0.6833333333333333,6-30Hz
367,13,0.65,6-30Hz
368,13,0.6166666666666667,6-30Hz
369,13,0.6666666666666666,6-30Hz
370,13,0.6833333333333333,9-14Hz
371,13,0.65,9-14Hz
372,13,0.6166666666666667,9-14Hz
373,13,0.6333333333333333,9-14Hz
374,13,0.65,9-14Hz
375,13,0.6333333333333333,9-14Hz
376,13,0.6666666666666666,9-14Hz
377,13,0.7,9-14Hz
378,13,0.6,9-14Hz
379,13,0.7,9-14Hz
380,13,0.7166666666666667,10-12Hz
381,13,0.6,10-12Hz
382,13,0.6833333333333333,10-12Hz
383,13,0.7,10-12Hz
384,13,0.6333333333333333,10-12Hz
385,13,0.65,10-12Hz
386,13,0.6333333333333333,10-12Hz
387,13,0.6333333333333333,10-12Hz
388,13,0.7333333333333333,10-12Hz
389,13,0.7166666666666667,10-12Hz
390,14,0.9833333333333333,6-30Hz
391,14,0.9833333333333333,6-30Hz
392,14,0.9833333333333333,6-30Hz
393,14,0.9833333333333333,6-30Hz
394,14,1.0,6-30Hz
395,14,1.0,6-30Hz
396,14,0.9666666666666667,6-30Hz
397,14,0.9833333333333333,6-30Hz
398,14,0.9833333333333333,6-30Hz
399,14,0.9833333333333333,6-30Hz
400,14,0.9833333333333333,9-14Hz
401,14,0.95,9-14Hz
402,14,0.9666666666666667,9-14Hz
403,14,0.9833333333333333,9-14Hz
404,14,0.9833333333333333,9-14Hz
405,14,1.0,9-14Hz
406,14,0.9666666666666667,9-14Hz
407,14,0.9833333333333333,9-14Hz
408,14,1.0,9-14Hz
409,14,0.9666666666666667,9-14Hz
410,14,1.0,10-12Hz
411,14,0.95,10-12Hz
412,14,0.9333333333333333,10-12Hz
413,14,0.9833333333333333,10-12Hz
414,14,0.9833333333333333,10-12Hz
415,14,1.0,10-12Hz
416,14,0.9833333333333333,10-12Hz
417,14,0.9666666666666667,10-12Hz
418,14,0.9833333333333333,10-12Hz
419,14,0.95,10-12Hz
420,15,0.7192982456140351,6-30Hz
421,15,0.6666666666666666,6-30Hz
422,15,0.6491228070175439,6-30Hz
423,15,0.6140350877192983,6-30Hz
424,15,0.5789473684210527,6-30Hz
425,15,0.6666666666666666,6-30Hz
426,15,0.6842105263157895,6-30Hz
427,15,0.5789473684210527,6-30Hz
428,15,0.5789473684210527,6-30Hz
429,15,0.5789473684210527,6-30Hz
430,15,0.7719298245614035,9-14Hz
431,15,0.7017543859649122,9-14Hz
432,15,0.7192982456140351,9-14Hz
433,15,0.7192982456140351,9-14Hz
434,15,0.7192982456140351,9-14Hz
435,15,0.7719298245614035,9-14Hz
436,15,0.7719298245614035,9-14Hz
437,15,0.7192982456140351,9-14Hz
438,15,0.7894736842105263,9-14Hz
439,15,0.7543859649122807,9-14Hz
440,15,0.7543859649122807,10-12Hz
441,15,0.7017543859649122,10-12Hz
442,15,0.7017543859649122,10-12Hz
443,15,0.6666666666666666,10-12Hz
444,15,0.631578947368421,10-12Hz
445,15,0.7017543859649122,10-12Hz
446,15,0.6666666666666666,10-12Hz
447,15,0.6491228070175439,10-12Hz
448,15,0.7192982456140351,10-12Hz
449,15,0.6842105263157895,10-12Hz
450,16,0.55,6-30Hz
451,16,0.5166666666666667,6-30Hz
452,16,0.5166666666666667,6-30Hz
453,16,0.5166666666666667,6-30Hz
454,16,0.5833333333333334,6-30Hz
455,16,0.6,6-30Hz
456,16,0.5166666666666667,6-30Hz
457,16,0.6166666666666667,6-30Hz
458,16,0.5666666666666667,6-30Hz
459,16,0.5666666666666667,6-30Hz
460,16,0.6333333333333333,9-14Hz
461,16,0.6166666666666667,9-14Hz
462,16,0.6,9-14Hz
463,16,0.48333333333333334,9-14Hz
464,16,0.5333333333333333,9-14Hz
465,16,0.6166666666666667,9-14Hz
466,16,0.5,9-14Hz
467,16,0.6333333333333333,9-14Hz
468,16,0.6166666666666667,9-14Hz
469,16,0.65,9-14Hz
470,16,0.45,10-12Hz
471,16,0.6166666666666667,10-12Hz
472,16,0.7,10-12Hz
473,16,0.45,10-12Hz
474,16,0.6,10-12Hz
475,16,0.6333333333333333,10-12Hz
476,16,0.5333333333333333,10-12Hz
477,16,0.6,10-12Hz
478,16,0.6,10-12Hz
479,16,0.6333333333333333,10-12Hz
480,17,0.4666666666666667,6-30Hz
481,17,0.55,6-30Hz
482,17,0.43333333333333335,6-30Hz
483,17,0.4666666666666667,6-30Hz
484,17,0.4166666666666667,6-30Hz
485,17,0.4166666666666667,6-30Hz
486,17,0.45,6-30Hz
487,17,0.36666666666666664,6-30Hz
488,17,0.4,6-30Hz
489,17,0.5166666666666667,6-30Hz
490,17,0.4666666666666667,9-14Hz
491,17,0.5166666666666667,9-14Hz
492,17,0.43333333333333335,9-14Hz
493,17,0.45,9-14Hz
494,17,0.4166666666666667,9-14Hz
495,17,0.38333333333333336,9-14Hz
496,17,0.31666666666666665,9-14Hz
497,17,0.45,9-14Hz
498,17,0.5333333333333333,9-14Hz
499,17,0.5,9-14Hz
500,17,0.48333333333333334,10-12Hz
501,17,0.6,10-12Hz
502,17,0.45,10-12Hz
503,17,0.4,10-12Hz
504,17,0.4666666666666667,10-12Hz
505,17,0.5166666666666667,10-12Hz
506,17,0.43333333333333335,10-12Hz
507,17,0.45,10-12Hz
508,17,0.45,10-12Hz
509,17,0.48333333333333334,10-12Hz
510,18,0.7166666666666667,6-30Hz
511,18,0.7333333333333333,6-30Hz
512,18,0.55,6-30Hz
513,18,0.65,6-30Hz
514,18,0.5833333333333334,6-30Hz
515,18,0.7,6-30Hz
516,18,0.65,6-30Hz
517,18,0.6333333333333333,6-30Hz
518,18,0.6333333333333333,6-30Hz
519,18,0.6333333333333333,6-30Hz
520,18,0.6166666666666667,9-14Hz
521,18,0.65,9-14Hz
522,18,0.5666666666666667,9-14Hz
523,18,0.7166666666666667,9-14Hz
524,18,0.5,9-14Hz
525,18,0.7166666666666667,9-14Hz
526,18,0.7333333333333333,9-14Hz
527,18,0.65,9-14Hz
528,18,0.7333333333333333,9-14Hz
529,18,0.5833333333333334,9-14Hz
530,18,0.5666666666666667,10-12Hz
531,18,0.6666666666666666,10-12Hz
532,18,0.4666666666666667,10-12Hz
533,18,0.65,10-12Hz
534,18,0.55,10-12Hz
535,18,0.7166666666666667,10-12Hz
536,18,0.6833333333333333,10-12Hz
537,18,0.5666666666666667,10-12Hz
538,18,0.6166666666666667,10-12Hz
539,18,0.5833333333333334,10-12Hz
540,19,0.7954545454545454,6-30Hz
541,19,0.6818181818181818,6-30Hz
542,19,0.6590909090909091,6-30Hz
543,19,0.6363636363636364,6-30Hz
544,19,0.7272727272727273,6-30Hz
545,19,0.6363636363636364,6-30Hz
546,19,0.5454545454545454,6-30Hz
547,19,0.5909090909090909,6-30Hz
548,19,0.6363636363636364,6-30Hz
549,19,0.5681818181818182,6-30Hz
550,19,0.7272727272727273,9-14Hz
551,19,0.7272727272727273,9-14Hz
552,19,0.6818181818181818,9-14Hz
553,19,0.6818181818181818,9-14Hz
554,19,0.7045454545454546,9-14Hz
555,19,0.6818181818181818,9-14Hz
556,19,0.5454545454545454,9-14Hz
557,19,0.5681818181818182,9-14Hz
558,19,0.6818181818181818,9-14Hz
559,19,0.6818181818181818,9-14Hz
560,19,0.6818181818181818,10-12Hz
561,19,0.7727272727272727,10-12Hz
562,19,0.7954545454545454,10-12Hz
563,19,0.6590909090909091,10-12Hz
564,19,0.5909090909090909,10-12Hz
565,19,0.5909090909090909,10-12Hz
566,19,0.6136363636363636,10-12Hz
567,19,0.6363636363636364,10-12Hz
568,19,0.6818181818181818,10-12Hz
569,19,0.6818181818181818,10-12Hz
570,20,0.6538461538461539,6-30Hz
571,20,0.6153846153846154,6-30Hz
572,20,0.8461538461538461,6-30Hz
573,20,0.7692307692307693,6-30Hz
574,20,0.7307692307692307,6-30Hz
575,20,0.7307692307692307,6-30Hz
576,20,0.6153846153846154,6-30Hz
577,20,0.6923076923076923,6-30Hz
578,20,0.7307692307692307,6-30Hz
579,20,0.7307692307692307,6-30Hz
580,20,0.7692307692307693,9-14Hz
581,20,0.6923076923076923,9-14Hz
582,20,0.8076923076923077,9-14Hz
583,20,0.6923076923076923,9-14Hz
584,20,0.7692307692307693,9-14Hz
585,20,0.6923076923076923,9-14Hz
586,20,0.7307692307692307,9-14Hz
587,20,0.6923076923076923,9-14Hz
588,20,0.8076923076923077,9-14Hz
589,20,0.8076923076923077,9-14Hz
590,20,0.7307692307692307,10-12Hz
591,20,0.8076923076923077,10-12Hz
592,20,0.8461538461538461,10-12Hz
593,20,0.8076923076923077,10-12Hz
594,20,0.7692307692307693,10-12Hz
595,20,0.8076923076923077,10-12Hz
596,20,0.6538461538461539,10-12Hz
597,20,0.6538461538461539,10-12Hz
598,20,0.7307692307692307,10-12Hz
599,20,0.8076923076923077,10-12Hz
600,21,0.7166666666666667,6-30Hz
601,21,0.7666666666666667,6-30Hz
602,21,0.7166666666666667,6-30Hz
603,21,0.8333333333333334,6-30Hz
604,21,0.8,6-30Hz
605,21,0.75,6-30Hz
606,21,0.7666666666666667,6-30Hz
607,21,0.7833333333333333,6-30Hz
608,21,0.6333333333333333,6-30Hz
609,21,0.75,6-30Hz
610,21,0.8166666666666667,9-14Hz
611,21,0.7666666666666667,9-14Hz
612,21,0.7166666666666667,9-14Hz
613,21,0.85,9-14Hz
614,21,0.8166666666666667,9-14Hz
615,21,0.7833333333333333,9-14Hz
616,21,0.7833333333333333,9-14Hz
617,21,0.75,9-14Hz
618,21,0.7166666666666667,9-14Hz
619,21,0.75,9-14Hz
620,21,0.7,10-12Hz
621,21,0.6833333333333333,10-12Hz
622,21,0.6166666666666667,10-12Hz
623,21,0.75,10-12Hz
624,21,0.7166666666666667,10-12Hz
625,21,0.8166666666666667,10-12Hz
626,21,0.7333333333333333,10-12Hz
627,21,0.7166666666666667,10-12Hz
628,21,0.6833333333333333,10-12Hz
629,21,0.7166666666666667,10-12Hz
630,22,0.65,6-30Hz
631,22,0.7333333333333333,6-30Hz
632,22,0.7166666666666667,6-30Hz
633,22,0.75,6-30Hz
634,22,0.6333333333333333,6-30Hz
635,22,0.7,6-30Hz
636,22,0.7666666666666667,6-30Hz
637,22,0.6666666666666666,6-30Hz
638,22,0.6833333333333333,6-30Hz
639,22,0.6833333333333333,6-30Hz
640,22,0.7333333333333333,9-14Hz
641,22,0.7833333333333333,9-14Hz
642,22,0.7166666666666667,9-14Hz
643,22,0.7833333333333333,9-14Hz
644,22,0.7,9-14Hz
645,22,0.7166666666666667,9-14Hz
646,22,0.85,9-14Hz
647,22,0.7166666666666667,9-14Hz
648,22,0.75,9-14Hz
649,22,0.75,9-14Hz
650,22,0.7833333333333333,10-12Hz
651,22,0.8166666666666667,10-12Hz
652,22,0.6666666666666666,10-12Hz
653,22,0.8166666666666667,10-12Hz
654,22,0.7666666666666667,10-12Hz
655,22,0.8166666666666667,10-12Hz
656,22,0.8333333333333334,10-12Hz
657,22,0.7,10-12Hz
658,22,0.7333333333333333,10-12Hz
659,22,0.8166666666666667,10-12Hz
660,23,0.7288135593220338,6-30Hz
661,23,0.7796610169491526,6-30Hz
662,23,0.8135593220338984,6-30Hz
663,23,0.8135593220338984,6-30Hz
664,23,0.7966101694915254,6-30Hz
665,23,0.847457627118644,6-30Hz
666,23,0.7966101694915254,6-30Hz
667,23,0.864406779661017,6-30Hz
668,23,0.7796610169491526,6-30Hz
669,23,0.7627118644067796,6-30Hz
670,23,0.711864406779661,9-14Hz
671,23,0.7796610169491526,9-14Hz
672,23,0.711864406779661,9-14Hz
673,23,0.8135593220338984,9-14Hz
674,23,0.864406779661017,9-14Hz
675,23,0.7966101694915254,9-14Hz
676,23,0.7966101694915254,9-14Hz
677,23,0.7796610169491526,9-14Hz
678,23,0.8305084745762712,9-14Hz
679,23,0.864406779661017,9-14Hz
680,23,0.5932203389830508,10-12Hz
681,23,0.6271186440677966,10-12Hz
682,23,0.6440677966101694,10-12Hz
683,23,0.576271186440678,10-12Hz
684,23,0.6949152542372882,10-12Hz
685,23,0.6610169491525424,10-12Hz
686,23,0.6271186440677966,10-12Hz
687,23,0.6610169491525424,10-12Hz
688,23,0.6101694915254238,10-12Hz
689,23,0.6610169491525424,10-12Hz
690,24,0.6333333333333333,6-30Hz
691,24,0.5166666666666667,6-30Hz
692,24,0.5,6-30Hz
693,24,0.45,6-30Hz
694,24,0.35,6-30Hz
695,24,0.4166666666666667,6-30Hz
696,24,0.5166666666666667,6-30Hz
697,24,0.6666666666666666,6-30Hz
698,24,0.5166666666666667,6-30Hz
699,24,0.65,6-30Hz
700,24,0.6,9-14Hz
701,24,0.5666666666666667,9-14Hz
702,24,0.5833333333333334,9-14Hz
703,24,0.65,9-14Hz
704,24,0.5,9-14Hz
705,24,0.5333333333333333,9-14Hz
706,24,0.6,9-14Hz
707,24,0.6666666666666666,9-14Hz
708,24,0.4666666666666667,9-14Hz
709,24,0.7,9-14Hz
710,24,0.6333333333333333,10-12Hz
711,24,0.43333333333333335,10-12Hz
712,24,0.48333333333333334,10-12Hz
713,24,0.5333333333333333,10-12Hz
714,24,0.48333333333333334,10-12Hz
715,24,0.4666666666666667,10-12Hz
716,24,0.5,10-12Hz
717,24,0.6666666666666666,10-12Hz
718,24,0.5166666666666667,10-12Hz
719,24,0.6,10-12Hz
720,25,0.5084745762711864,6-30Hz
721,25,0.6101694915254238,6-30Hz
722,25,0.576271186440678,6-30Hz
723,25,0.6610169491525424,6-30Hz
724,25,0.5254237288135594,6-30Hz
725,25,0.5423728813559322,6-30Hz
726,25,0.6779661016949152,6-30Hz
727,25,0.423728813559322,6-30Hz
728,25,0.6440677966101694,6-30Hz
729,25,0.4915254237288136,6-30Hz
730,25,0.6779661016949152,9-14Hz
731,25,0.7627118644067796,9-14Hz
732,25,0.7288135593220338,9-14Hz
733,25,0.7627118644067796,9-14Hz
734,25,0.5932203389830508,9-14Hz
735,25,0.6271186440677966,9-14Hz
736,25,0.6779661016949152,9-14Hz
737,25,0.6440677966101694,9-14Hz
738,25,0.6779661016949152,9-14Hz
739,25,0.6779661016949152,9-14Hz
740,25,0.6779661016949152,10-12Hz
741,25,0.6779661016949152,10-12Hz
742,25,0.711864406779661,10-12Hz
743,25,0.7796610169491526,10-12Hz
744,25,0.576271186440678,10-12Hz
745,25,0.711864406779661,10-12Hz
746,25,0.711864406779661,10-12Hz
747,25,0.6440677966101694,10-12Hz
748,25,0.6610169491525424,10-12Hz
749,25,0.6101694915254238,10-12Hz
750,26,0.6666666666666666,6-30Hz
751,26,0.65,6-30Hz
752,26,0.6,6-30Hz
753,26,0.65,6-30Hz
754,26,0.6166666666666667,6-30Hz
755,26,0.65,6-30Hz
756,26,0.7,6-30Hz
757,26,0.6666666666666666,6-30Hz
758,26,0.6,6-30Hz
759,26,0.6166666666666667,6-30Hz
760,26,0.6166666666666667,9-14Hz
761,26,0.7,9-14Hz
762,26,0.6166666666666667,9-14Hz
763,26,0.7166666666666667,9-14Hz
764,26,0.5833333333333334,9-14Hz
765,26,0.65,9-14Hz
766,26,0.65,9-14Hz
767,26,0.6333333333333333,9-14Hz
768,26,0.6333333333333333,9-14Hz
769,26,0.6333333333333333,9-14Hz
770,26,0.5166666666666667,10-12Hz
771,26,0.5666666666666667,10-12Hz
772,26,0.5333333333333333,10-12Hz
773,26,0.6333333333333333,10-12Hz
774,26,0.43333333333333335,10-12Hz
775,26,0.7166666666666667,10-12Hz
776,26,0.6666666666666666,10-12Hz
777,26,0.6,10-12Hz
778,26,0.5166666666666667,10-12Hz
779,26,0.6,10-12Hz
780,27,0.6071428571428571,6-30Hz
781,27,0.625,6-30Hz
782,27,0.4107142857142857,6-30Hz
783,27,0.5535714285714286,6-30Hz
784,27,0.5,6-30Hz
785,27,0.5,6-30Hz
786,27,0.42857142857142855,6-30Hz
787,27,0.6071428571428571,6-30Hz
788,27,0.4107142857142857,6-30Hz
789,27,0.6428571428571429,6-30Hz
790,27,0.5178571428571429,9-14Hz
791,27,0.5,9-14Hz
792,27,0.48214285714285715,9-14Hz
793,27,0.5535714285714286,9-14Hz
794,27,0.42857142857142855,9-14Hz
795,27,0.4107142857142857,9-14Hz
796,27,0.4642857142857143,9-14Hz
797,27,0.5714285714285714,9-14Hz
798,27,0.4107142857142857,9-14Hz
799,27,0.4642857142857143,9-14Hz
800,27,0.5892857142857143,10-12Hz
801,27,0.4642857142857143,10-12Hz
802,27,0.44642857142857145,10-12Hz
803,27,0.3392857142857143,10-12Hz
804,27,0.42857142857142855,10-12Hz
805,27,0.5535714285714286,10-12Hz
806,27,0.4107142857142857,10-12Hz
807,27,0.48214285714285715,10-12Hz
808,27,0.42857142857142855,10-12Hz
809,27,0.42857142857142855,10-12Hz
810,28,0.5423728813559322,6-30Hz
811,28,0.559322033898305,6-30Hz
812,28,0.5254237288135594,6-30Hz
813,28,0.423728813559322,6-30Hz
814,28,0.3898305084745763,6-30Hz
815,28,0.559322033898305,6-30Hz
816,28,0.4915254237288136,6-30Hz
817,28,0.4576271186440678,6-30Hz
818,28,0.559322033898305,6-30Hz
819,28,0.5423728813559322,6-30Hz
820,28,0.4576271186440678,9-14Hz
821,28,0.4576271186440678,9-14Hz
822,28,0.5084745762711864,9-14Hz
823,28,0.3898305084745763,9-14Hz
824,28,0.4406779661016949,9-14Hz
825,28,0.4745762711864407,9-14Hz
826,28,0.4745762711864407,9-14Hz
827,28,0.4576271186440678,9-14Hz
828,28,0.3559322033898305,9-14Hz
829,28,0.4745762711864407,9-14Hz
830,28,0.3898305084745763,10-12Hz
831,28,0.4576271186440678,10-12Hz
832,28,0.4745762711864407,10-12Hz
833,28,0.4067796610169492,10-12Hz
834,28,0.4576271186440678,10-12Hz
835,28,0.4576271186440678,10-12Hz
836,28,0.423728813559322,10-12Hz
837,28,0.3898305084745763,10-12Hz
838,28,0.5084745762711864,10-12Hz
839,28,0.4067796610169492,10-12Hz
840,29,0.7142857142857143,6-30Hz
841,29,0.7142857142857143,6-30Hz
842,29,0.8571428571428571,6-30Hz
843,29,0.8571428571428571,6-30Hz
844,29,0.5714285714285714,6-30Hz
845,29,0.5714285714285714,6-30Hz
846,29,0.7142857142857143,6-30Hz
847,29,0.7142857142857143,6-30Hz
848,29,0.8571428571428571,6-30Hz
849,29,0.8571428571428571,6-30Hz
850,29,0.8571428571428571,9-14Hz
851,29,0.8571428571428571,9-14Hz
852,29,1.0,9-14Hz
853,29,0.5714285714285714,9-14Hz
854,29,1.0,9-14Hz
855,29,0.5714285714285714,9-14Hz
856,29,0.8571428571428571,9-14Hz
857,29,0.7142857142857143,9-14Hz
858,29,0.8571428571428571,9-14Hz
859,29,0.7142857142857143,9-14Hz
860,29,0.8571428571428571,10-12Hz
861,29,1.0,10-12Hz
862,29,0.5714285714285714,10-12Hz
863,29,0.8571428571428571,10-12Hz
864,29,1.0,10-12Hz
865,29,0.5714285714285714,10-12Hz
866,29,0.8571428571428571,10-12Hz
867,29,1.0,10-12Hz
868,29,0.8571428571428571,10-12Hz
869,29,0.8571428571428571,10-12Hz
870,30,0.5405405405405406,6-30Hz
871,30,0.5405405405405406,6-30Hz
872,30,0.4594594594594595,6-30Hz
873,30,0.5945945945945946,6-30Hz
874,30,0.5675675675675675,6-30Hz
875,30,0.5135135135135135,6-30Hz
876,30,0.4864864864864865,6-30Hz
877,30,0.4864864864864865,6-30Hz
878,30,0.6756756756756757,6-30Hz
879,30,0.5945945945945946,6-30Hz
880,30,0.6216216216216216,9-14Hz
881,30,0.7027027027027027,9-14Hz
882,30,0.5945945945945946,9-14Hz
883,30,0.5405405405405406,9-14Hz
884,30,0.5945945945945946,9-14Hz
885,30,0.7297297297297297,9-14Hz
886,30,0.6486486486486487,9-14Hz
887,30,0.5945945945945946,9-14Hz
888,30,0.6216216216216216,9-14Hz
889,30,0.6216216216216216,9-14Hz
890,30,0.7027027027027027,10-12Hz
891,30,0.7027027027027027,10-12Hz
892,30,0.5135135135135135,10-12Hz
893,30,0.5405405405405406,10-12Hz
894,30,0.4864864864864865,10-12Hz
895,30,0.5405405405405406,10-12Hz
896,30,0.5945945945945946,10-12Hz
897,30,0.5405405405405406,10-12Hz
898,30,0.7027027027027027,10-12Hz
899,30,0.5405405405405406,10-12Hz
900,31,0.6833333333333333,6-30Hz
901,31,0.6166666666666667,6-30Hz
902,31,0.5166666666666667,6-30Hz
903,31,0.6,6-30Hz
904,31,0.5666666666666667,6-30Hz
905,31,0.5833333333333334,6-30Hz
906,31,0.6166666666666667,6-30Hz
907,31,0.7166666666666667,6-30Hz
908,31,0.6,6-30Hz
909,31,0.6,6-30Hz
910,31,0.6333333333333333,9-14Hz
911,31,0.55,9-14Hz
912,31,0.5333333333333333,9-14Hz
913,31,0.6,9-14Hz
914,31,0.6,9-14Hz
915,31,0.55,9-14Hz
916,31,0.6333333333333333,9-14Hz
917,31,0.6833333333333333,9-14Hz
918,31,0.5666666666666667,9-14Hz
919,31,0.6833333333333333,9-14Hz
920,31,0.5,10-12Hz
921,31,0.45,10-12Hz
922,31,0.43333333333333335,10-12Hz
923,31,0.45,10-12Hz
924,31,0.48333333333333334,10-12Hz
925,31,0.5166666666666667,10-12Hz
926,31,0.5666666666666667,10-12Hz
927,31,0.5833333333333334,10-12Hz
928,31,0.45,10-12Hz
929,31,0.5166666666666667,10-12Hz
930,32,0.4666666666666667,6-30Hz
931,32,0.65,6-30Hz
932,32,0.5833333333333334,6-30Hz
933,32,0.5333333333333333,6-30Hz
934,32,0.4166666666666667,6-30Hz
935,32,0.48333333333333334,6-30Hz
936,32,0.5833333333333334,6-30Hz
937,32,0.6,6-30Hz
938,32,0.6166666666666667,6-30Hz
939,32,0.5833333333333334,6-30Hz
940,32,0.5166666666666667,9-14Hz
941,32,0.5666666666666667,9-14Hz
942,32,0.48333333333333334,9-14Hz
943,32,0.5666666666666667,9-14Hz
944,32,0.55,9-14Hz
945,32,0.55,9-14Hz
946,32,0.5666666666666667,9-14Hz
947,32,0.55,9-14Hz
948,32,0.65,9-14Hz
949,32,0.5333333333333333,9-14Hz
950,32,0.55,10-12Hz
951,32,0.5333333333333333,10-12Hz
952,32,0.5666666666666667,10-12Hz
953,32,0.5666666666666667,10-12Hz
954,32,0.5333333333333333,10-12Hz
955,32,0.5833333333333334,10-12Hz
956,32,0.5833333333333334,10-12Hz
957,32,0.5833333333333334,10-12Hz
958,32,0.6333333333333333,10-12Hz
959,32,0.55,10-12Hz
960,33,0.603448275862069,6-30Hz
961,33,0.5344827586206896,6-30Hz
962,33,0.5517241379310345,6-30Hz
963,33,0.5172413793103449,6-30Hz
964,33,0.603448275862069,6-30Hz
965,33,0.5689655172413793,6-30Hz
966,33,0.7241379310344828,6-30Hz
967,33,0.603448275862069,6-30Hz
968,33,0.6379310344827587,6-30Hz
969,33,0.603448275862069,6-30Hz
970,33,0.6206896551724138,9-14Hz
971,33,0.5689655172413793,9-14Hz
972,33,0.6724137931034483,9-14Hz
973,33,0.5862068965517241,9-14Hz
974,33,0.6379310344827587,9-14Hz
975,33,0.5,9-14Hz
976,33,0.7068965517241379,9-14Hz
977,33,0.6379310344827587,9-14Hz
978,33,0.603448275862069,9-14Hz
979,33,0.6724137931034483,9-14Hz
980,33,0.5689655172413793,10-12Hz
981,33,0.5689655172413793,10-12Hz
982,33,0.7068965517241379,10-12Hz
983,33,0.603448275862069,10-12Hz
984,33,0.4827586206896552,10-12Hz
985,33,0.5517241379310345,10-12Hz
986,33,0.6379310344827587,10-12Hz
987,33,0.6206896551724138,10-12Hz
988,33,0.5862068965517241,10-12Hz
989,33,0.6724137931034483,10-12Hz
990,34,0.6666666666666666,6-30Hz
991,34,0.8333333333333334,6-30Hz
992,34,0.6666666666666666,6-30Hz
993,34,0.5,6-30Hz
994,34,0.8333333333333334,6-30Hz
995,34,1.0,6-30Hz
996,34,0.5,6-30Hz
997,34,0.3333333333333333,6-30Hz
998,34,0.6666666666666666,6-30Hz
999,34,0.5,6-30Hz
1000,34,0.6666666666666666,9-14Hz
1001,34,0.5,9-14Hz
1002,34,0.6666666666666666,9-14Hz
1003,34,0.5,9-14Hz
1004,34,0.5,9-14Hz
1005,34,0.8333333333333334,9-14Hz
1006,34,0.8333333333333334,9-14Hz
1007,34,0.6666666666666666,9-14Hz
1008,34,1.0,9-14Hz
1009,34,0.6666666666666666,9-14Hz
1010,34,0.8333333333333334,10-12Hz
1011,34,0.6666666666666666,10-12Hz
1012,34,0.6666666666666666,10-12Hz
1013,34,0.6666666666666666,10-12Hz
1014,34,0.8333333333333334,10-12Hz
1015,34,0.6666666666666666,10-12Hz
1016,34,0.6666666666666666,10-12Hz
1017,34,0.5,10-12Hz
1018,34,0.8333333333333334,10-12Hz
1019,34,0.5,10-12Hz
1020,35,0.75,6-30Hz
1021,35,0.75,6-30Hz
1022,35,0.75,6-30Hz
1023,35,0.7833333333333333,6-30Hz
1024,35,0.7666666666666667,6-30Hz
1025,35,0.7833333333333333,6-30Hz
1026,35,0.7,6-30Hz
1027,35,0.8,6-30Hz
1028,35,0.7333333333333333,6-30Hz
1029,35,0.7333333333333333,6-30Hz
1030,35,0.6833333333333333,9-14Hz
1031,35,0.7166666666666667,9-14Hz
1032,35,0.7333333333333333,9-14Hz
1033,35,0.6833333333333333,9-14Hz
1034,35,0.6833333333333333,9-14Hz
1035,35,0.6833333333333333,9-14Hz
1036,35,0.5,9-14Hz
1037,35,0.7833333333333333,9-14Hz
1038,35,0.75,9-14Hz
1039,35,0.6833333333333333,9-14Hz
1040,35,0.5833333333333334,10-12Hz
1041,35,0.5833333333333334,10-12Hz
1042,35,0.6333333333333333,10-12Hz
1043,35,0.6166666666666667,10-12Hz
1044,35,0.6,10-12Hz
1045,35,0.5833333333333334,10-12Hz
1046,35,0.55,10-12Hz
1047,35,0.6,10-12Hz
1048,35,0.6,10-12Hz
1049,35,0.5833333333333334,10-12Hz
1050,36,0.6896551724137931,6-30Hz
1051,36,0.7586206896551724,6-30Hz
1052,36,0.7413793103448276,6-30Hz
1053,36,0.7068965517241379,6-30Hz
1054,36,0.7413793103448276,6-30Hz
1055,36,0.8448275862068966,6-30Hz
1056,36,0.7413793103448276,6-30Hz
1057,36,0.7586206896551724,6-30Hz
1058,36,0.7931034482758621,6-30Hz
1059,36,0.7068965517241379,6-30Hz
1060,36,0.7758620689655172,9-14Hz
1061,36,0.6896551724137931,9-14Hz
1062,36,0.8103448275862069,9-14Hz
1063,36,0.7586206896551724,9-14Hz
1064,36,0.7586206896551724,9-14Hz
1065,36,0.7068965517241379,9-14Hz
1066,36,0.6379310344827587,9-14Hz
1067,36,0.7068965517241379,9-14Hz
1068,36,0.7758620689655172,9-14Hz
1069,36,0.6724137931034483,9-14Hz
1070,36,0.7758620689655172,10-12Hz
1071,36,0.6896551724137931,10-12Hz
1072,36,0.7586206896551724,10-12Hz
1073,36,0.7586206896551724,10-12Hz
1074,36,0.8103448275862069,10-12Hz
1075,36,0.7241379310344828,10-12Hz
1076,36,0.6379310344827587,10-12Hz
1077,36,0.7413793103448276,10-12Hz
1078,36,0.7586206896551724,10-12Hz
1079,36,0.7241379310344828,10-12Hz
1080,37,0.7457627118644068,6-30Hz
1081,37,0.6610169491525424,6-30Hz
1082,37,0.6949152542372882,6-30Hz
1083,37,0.6440677966101694,6-30Hz
1084,37,0.6949152542372882,6-30Hz
1085,37,0.6271186440677966,6-30Hz
1086,37,0.711864406779661,6-30Hz
1087,37,0.6610169491525424,6-30Hz
1088,37,0.6779661016949152,6-30Hz
1089,37,0.7627118644067796,6-30Hz
1090,37,0.6949152542372882,9-14Hz
1091,37,0.5084745762711864,9-14Hz
1092,37,0.5423728813559322,9-14Hz
1093,37,0.6271186440677966,9-14Hz
1094,37,0.6610169491525424,9-14Hz
1095,37,0.6440677966101694,9-14Hz
1096,37,0.559322033898305,9-14Hz
1097,37,0.5423728813559322,9-14Hz
1098,37,0.576271186440678,9-14Hz
1099,37,0.5254237288135594,9-14Hz
1100,37,0.6440677966101694,10-12Hz
1101,37,0.6101694915254238,10-12Hz
1102,37,0.5423728813559322,10-12Hz
1103,37,0.6440677966101694,10-12Hz
1104,37,0.5423728813559322,10-12Hz
1105,37,0.5932203389830508,10-12Hz
1106,37,0.576271186440678,10-12Hz
1107,37,0.559322033898305,10-12Hz
1108,37,0.6440677966101694,10-12Hz
1109,37,0.4915254237288136,10-12Hz
1110,38,0.6379310344827587,6-30Hz
1111,38,0.5862068965517241,6-30Hz
1112,38,0.5862068965517241,6-30Hz
1113,38,0.6379310344827587,6-30Hz
1114,38,0.5689655172413793,6-30Hz
1115,38,0.5,6-30Hz
1116,38,0.5,6-30Hz
1117,38,0.6379310344827587,6-30Hz
1118,38,0.5,6-30Hz
1119,38,0.5862068965517241,6-30Hz
1120,38,0.7068965517241379,9-14Hz
1121,38,0.7241379310344828,9-14Hz
1122,38,0.7586206896551724,9-14Hz
1123,38,0.8103448275862069,9-14Hz
1124,38,0.7068965517241379,9-14Hz
1125,38,0.6379310344827587,9-14Hz
1126,38,0.7068965517241379,9-14Hz
1127,38,0.6551724137931034,9-14Hz
1128,38,0.6896551724137931,9-14Hz
1129,38,0.7068965517241379,9-14Hz
1130,38,0.6379310344827587,10-12Hz
1131,38,0.5172413793103449,10-12Hz
1132,38,0.6551724137931034,10-12Hz
1133,38,0.6551724137931034,10-12Hz
1134,38,0.5689655172413793,10-12Hz
1135,38,0.4827586206896552,10-12Hz
1136,38,0.4827586206896552,10-12Hz
1137,38,0.4827586206896552,10-12Hz
1138,38,0.5517241379310345,10-12Hz
1139,38,0.5517241379310345,10-12Hz
1140,39,0.6666666666666666,6-30Hz
1141,39,0.7666666666666667,6-30Hz
1142,39,0.6166666666666667,6-30Hz
1143,39,0.7166666666666667,6-30Hz
1144,39,0.7166666666666667,6-30Hz
1145,39,0.7,6-30Hz
1146,39,0.7,6-30Hz
1147,39,0.7166666666666667,6-30Hz
1148,39,0.6333333333333333,6-30Hz
1149,39,0.6666666666666666,6-30Hz
1150,39,0.7,9-14Hz
1151,39,0.8,9-14Hz
1152,39,0.6833333333333333,9-14Hz
1153,39,0.75,9-14Hz
1154,39,0.7166666666666667,9-14Hz
1155,39,0.75,9-14Hz
1156,39,0.8,9-14Hz
1157,39,0.7333333333333333,9-14Hz
1158,39,0.7333333333333333,9-14Hz
1159,39,0.6833333333333333,9-14Hz
1160,39,0.5833333333333334,10-12Hz
1161,39,0.6333333333333333,10-12Hz
1162,39,0.5333333333333333,10-12Hz
1163,39,0.6,10-12Hz
1164,39,0.55,10-12Hz
1165,39,0.6166666666666667,10-12Hz
1166,39,0.5333333333333333,10-12Hz
1167,39,0.65,10-12Hz
1168,39,0.6333333333333333,10-12Hz
1169,39,0.5333333333333333,10-12Hz
1170,40,0.5,6-30Hz
1171,40,0.7,6-30Hz
1172,40,0.5333333333333333,6-30Hz
1173,40,0.5833333333333334,6-30Hz
1174,40,0.6,6-30Hz
1175,40,0.6333333333333333,6-30Hz
1176,40,0.6333333333333333,6-30Hz
1177,40,0.6833333333333333,6-30Hz
1178,40,0.6333333333333333,6-30Hz
1179,40,0.6666666666666666,6-30Hz
1180,40,0.65,9-14Hz
1181,40,0.7333333333333333,9-14Hz
1182,40,0.55,9-14Hz
1183,40,0.5166666666666667,9-14Hz
1184,40,0.6333333333333333,9-14Hz
1185,40,0.7,9-14Hz
1186,40,0.7166666666666667,9-14Hz
1187,40,0.6833333333333333,9-14Hz
1188,40,0.65,9-14Hz
1189,40,0.7333333333333333,9-14Hz
1190,40,0.6,10-12Hz
1191,40,0.6833333333333333,10-12Hz
1192,40,0.5666666666666667,10-12Hz
1193,40,0.6166666666666667,10-12Hz
1194,40,0.5666666666666667,10-12Hz
1195,40,0.65,10-12Hz
1196,40,0.6666666666666666,10-12Hz
1197,40,0.65,10-12Hz
1198,40,0.6833333333333333,10-12Hz
1199,40,0.6666666666666666,10-12Hz
1200,41,0.8833333333333333,6-30Hz
1201,41,0.8666666666666667,6-30Hz
1202,41,0.8166666666666667,6-30Hz
1203,41,0.9,6-30Hz
1204,41,0.8833333333333333,6-30Hz
1205,41,0.8833333333333333,6-30Hz
1206,41,0.8833333333333333,6-30Hz
1207,41,0.8666666666666667,6-30Hz
1208,41,0.8333333333333334,6-30Hz
1209,41,0.95,6-30Hz
1210,41,0.9166666666666666,9-14Hz
1211,41,0.9333333333333333,9-14Hz
1212,41,0.9166666666666666,9-14Hz
1213,41,0.95,9-14Hz
1214,41,0.9333333333333333,9-14Hz
1215,41,0.8666666666666667,9-14Hz
1216,41,0.95,9-14Hz
1217,41,0.8666666666666667,9-14Hz
1218,41,0.9,9-14Hz
1219,41,0.9833333333333333,9-14Hz
1220,41,0.9166666666666666,10-12Hz
1221,41,0.85,10-12Hz
1222,41,0.7833333333333333,10-12Hz
1223,41,0.8833333333333333,10-12Hz
1224,41,0.8666666666666667,10-12Hz
1225,41,0.8833333333333333,10-12Hz
1226,41,0.8666666666666667,10-12Hz
1227,41,0.7833333333333333,10-12Hz
1228,41,0.85,10-12Hz
1229,41,0.8833333333333333,10-12Hz
1230,42,0.7,6-30Hz
1231,42,0.75,6-30Hz
1232,42,0.6666666666666666,6-30Hz
1233,42,0.6833333333333333,6-30Hz
1234,42,0.6666666666666666,6-30Hz
1235,42,0.7333333333333333,6-30Hz
1236,42,0.6666666666666666,6-30Hz
1237,42,0.7666666666666667,6-30Hz
1238,42,0.7166666666666667,6-30Hz
1239,42,0.6666666666666666,6-30Hz
1240,42,0.6666666666666666,9-14Hz
1241,42,0.7333333333333333,9-14Hz
1242,42,0.6166666666666667,9-14Hz
1243,42,0.7833333333333333,9-14Hz
1244,42,0.6,9-14Hz
1245,42,0.7333333333333333,9-14Hz
1246,42,0.6666666666666666,9-14Hz
1247,42,0.7166666666666667,9-14Hz
1248,42,0.7333333333333333,9-14Hz
1249,42,0.6666666666666666,9-14Hz
1250,42,0.6166666666666667,10-12Hz
1251,42,0.55,10-12Hz
1252,42,0.5833333333333334,10-12Hz
1253,42,0.5666666666666667,10-12Hz
1254,42,0.55,10-12Hz
1255,42,0.6,10-12Hz
1256,42,0.45,10-12Hz
1257,42,0.5333333333333333,10-12Hz
1258,42,0.5833333333333334,10-12Hz
1259,42,0.5666666666666667,10-12Hz
1260,43,0.8666666666666667,6-30Hz
1261,43,0.9,6-30Hz
1262,43,0.9166666666666666,6-30Hz
1263,43,0.9333333333333333,6-30Hz
1264,43,0.9,6-30Hz
1265,43,0.9,6-30Hz
1266,43,0.9166666666666666,6-30Hz
1267,43,0.9333333333333333,6-30Hz
1268,43,0.9,6-30Hz
1269,43,0.9333333333333333,6-30Hz
1270,43,0.9,9-14Hz
1271,43,0.9166666666666666,9-14Hz
1272,43,0.9333333333333333,9-14Hz
1273,43,0.9333333333333333,9-14Hz
1274,43,0.9666666666666667,9-14Hz
1275,43,0.9166666666666666,9-14Hz
1276,43,0.9166666666666666,9-14Hz
1277,43,0.8666666666666667,9-14Hz
1278,43,0.95,9-14Hz
1279,43,0.9333333333333333,9-14Hz
1280,43,0.7666666666666667,10-12Hz
1281,43,0.6833333333333333,10-12Hz
1282,43,0.7833333333333333,10-12Hz
1283,43,0.7833333333333333,10-12Hz
1284,43,0.8,10-12Hz
1285,43,0.75,10-12Hz
1286,43,0.7666666666666667,10-12Hz
1287,43,0.7666666666666667,10-12Hz
1288,43,0.85,10-12Hz
1289,43,0.7833333333333333,10-12Hz
1290,44,0.6833333333333333,6-30Hz
1291,44,0.5833333333333334,6-30Hz
1292,44,0.7166666666666667,6-30Hz
1293,44,0.7166666666666667,6-30Hz
1294,44,0.8333333333333334,6-30Hz
1295,44,0.75,6-30Hz
1296,44,0.8,6-30Hz
1297,44,0.7,6-30Hz
1298,44,0.6333333333333333,6-30Hz
1299,44,0.7833333333333333,6-30Hz
1300,44,0.7333333333333333,9-14Hz
1301,44,0.7,9-14Hz
1302,44,0.6333333333333333,9-14Hz
1303,44,0.6833333333333333,9-14Hz
1304,44,0.75,9-14Hz
1305,44,0.7333333333333333,9-14Hz
1306,44,0.7666666666666667,9-14Hz
1307,44,0.7833333333333333,9-14Hz
1308,44,0.7166666666666667,9-14Hz
1309,44,0.7166666666666667,9-14Hz
1310,44,0.7333333333333333,10-12Hz
1311,44,0.6,10-12Hz
1312,44,0.6833333333333333,10-12Hz
1313,44,0.6666666666666666,10-12Hz
1314,44,0.75,10-12Hz
1315,44,0.7166666666666667,10-12Hz
1316,44,0.6666666666666666,10-12Hz
1317,44,0.7166666666666667,10-12Hz
1318,44,0.6166666666666667,10-12Hz
1319,44,0.7333333333333333,10-12Hz
1320,45,0.4915254237288136,6-30Hz
1321,45,0.6101694915254238,6-30Hz
1322,45,0.5254237288135594,6-30Hz
1323,45,0.4915254237288136,6-30Hz
1324,45,0.559322033898305,6-30Hz
1325,45,0.4915254237288136,6-30Hz
1326,45,0.576271186440678,6-30Hz
1327,45,0.5423728813559322,6-30Hz
1328,45,0.4915254237288136,6-30Hz
1329,45,0.6779661016949152,6-30Hz
1330,45,0.559322033898305,9-14Hz
1331,45,0.6271186440677966,9-14Hz
1332,45,0.6779661016949152,9-14Hz
1333,45,0.576271186440678,9-14Hz
1334,45,0.6779661016949152,9-14Hz
1335,45,0.6949152542372882,9-14Hz
1336,45,0.7457627118644068,9-14Hz
1337,45,0.6779661016949152,9-14Hz
1338,45,0.576271186440678,9-14Hz
1339,45,0.7627118644067796,9-14Hz
1340,45,0.6949152542372882,10-12Hz
1341,45,0.6610169491525424,10-12Hz
1342,45,0.711864406779661,10-12Hz
1343,45,0.6949152542372882,10-12Hz
1344,45,0.7457627118644068,10-12Hz
1345,45,0.6271186440677966,10-12Hz
1346,45,0.6779661016949152,10-12Hz
1347,45,0.711864406779661,10-12Hz
1348,45,0.6271186440677966,10-12Hz
1349,45,0.6610169491525424,10-12Hz
1350,46,0.6111111111111112,6-30Hz
1351,46,0.6111111111111112,6-30Hz
1352,46,0.5,6-30Hz
1353,46,0.5555555555555556,6-30Hz
1354,46,0.5972222222222222,6-30Hz
1355,46,0.7361111111111112,6-30Hz
1356,46,0.6111111111111112,6-30Hz
1357,46,0.6666666666666666,6-30Hz
1358,46,0.5555555555555556,6-30Hz
1359,46,0.6527777777777778,6-30Hz
1360,46,0.6111111111111112,9-14Hz
1361,46,0.5833333333333334,9-14Hz
1362,46,0.5,9-14Hz
1363,46,0.6388888888888888,9-14Hz
1364,46,0.6944444444444444,9-14Hz
1365,46,0.6666666666666666,9-14Hz
1366,46,0.625,9-14Hz
1367,46,0.5833333333333334,9-14Hz
1368,46,0.5833333333333334,9-14Hz
1369,46,0.6666666666666666,9-14Hz
1370,46,0.5,10-12Hz
1371,46,0.5972222222222222,10-12Hz
1372,46,0.5555555555555556,10-12Hz
1373,46,0.5555555555555556,10-12Hz
1374,46,0.5555555555555556,10-12Hz
1375,46,0.6527777777777778,10-12Hz
1376,46,0.6111111111111112,10-12Hz
1377,46,0.5,10-12Hz
1378,46,0.5277777777777778,10-12Hz
1379,46,0.5972222222222222,10-12Hz
1380,47,0.6724137931034483,6-30Hz
1381,47,0.6206896551724138,6-30Hz
1382,47,0.6551724137931034,6-30Hz
1383,47,0.6551724137931034,6-30Hz
1384,47,0.6724137931034483,6-30Hz
1385,47,0.6724137931034483,6-30Hz
1386,47,0.5517241379310345,6-30Hz
1387,47,0.6551724137931034,6-30Hz
1388,47,0.6551724137931034,6-30Hz
1389,47,0.5517241379310345,6-30Hz
1390,47,0.6206896551724138,9-14Hz
1391,47,0.6379310344827587,9-14Hz
1392,47,0.6551724137931034,9-14Hz
1393,47,0.6206896551724138,9-14Hz
1394,47,0.6206896551724138,9-14Hz
1395,47,0.6896551724137931,9-14Hz
1396,47,0.6379310344827587,9-14Hz
1397,47,0.5517241379310345,9-14Hz
1398,47,0.6551724137931034,9-14Hz
1399,47,0.5517241379310345,9-14Hz
1400,47,0.6724137931034483,10-12Hz
1401,47,0.6724137931034483,10-12Hz
1402,47,0.6379310344827587,10-12Hz
1403,47,0.5689655172413793,10-12Hz
1404,47,0.5689655172413793,10-12Hz
1405,47,0.6896551724137931,10-12Hz
1406,47,0.5344827586206896,10-12Hz
1407,47,0.6551724137931034,10-12Hz
1408,47,0.5689655172413793,10-12Hz
1409,47,0.5862068965517241,10-12Hz
1410,48,0.7166666666666667,6-30Hz
1411,48,0.7333333333333333,6-30Hz
1412,48,0.6833333333333333,6-30Hz
1413,48,0.8166666666666667,6-30Hz
1414,48,0.85,6-30Hz
1415,48,0.7333333333333333,6-30Hz
1416,48,0.7833333333333333,6-30Hz
1417,48,0.7333333333333333,6-30Hz
1418,48,0.7166666666666667,6-30Hz
1419,48,0.8,6-30Hz
1420,48,0.8166666666666667,9-14Hz
1421,48,0.8,9-14Hz
1422,48,0.8833333333333333,9-14Hz
1423,48,0.9166666666666666,9-14Hz
1424,48,0.9,9-14Hz
1425,48,0.9,9-14Hz
1426,48,0.9166666666666666,9-14Hz
1427,48,0.9,9-14Hz
1428,48,0.8333333333333334,9-14Hz
1429,48,0.8833333333333333,9-14Hz
1430,48,0.6166666666666667,10-12Hz
1431,48,0.6,10-12Hz
1432,48,0.6833333333333333,10-12Hz
1433,48,0.6833333333333333,10-12Hz
1434,48,0.7333333333333333,10-12Hz
1435,48,0.7333333333333333,10-12Hz
1436,48,0.6833333333333333,10-12Hz
1437,48,0.7,10-12Hz
1438,48,0.55,10-12Hz
1439,48,0.65,10-12Hz
1440,49,0.603448275862069,6-30Hz
1441,49,0.5517241379310345,6-30Hz
1442,49,0.6551724137931034,6-30Hz
1443,49,0.7413793103448276,6-30Hz
1444,49,0.7586206896551724,6-30Hz
1445,49,0.6206896551724138,6-30Hz
1446,49,0.5862068965517241,6-30Hz
1447,49,0.7241379310344828,6-30Hz
1448,49,0.5689655172413793,6-30Hz
1449,49,0.6724137931034483,6-30Hz
1450,49,0.5344827586206896,9-14Hz
1451,49,0.603448275862069,9-14Hz
1452,49,0.6551724137931034,9-14Hz
1453,49,0.7413793103448276,9-14Hz
1454,49,0.7068965517241379,9-14Hz
1455,49,0.7413793103448276,9-14Hz
1456,49,0.603448275862069,9-14Hz
1457,49,0.7068965517241379,9-14Hz
1458,49,0.5689655172413793,9-14Hz
1459,49,0.6379310344827587,9-14Hz
1460,49,0.603448275862069,10-12Hz
1461,49,0.5172413793103449,10-12Hz
1462,49,0.6896551724137931,10-12Hz
1463,49,0.6379310344827587,10-12Hz
1464,49,0.5862068965517241,10-12Hz
1465,49,0.6206896551724138,10-12Hz
1466,49,0.5517241379310345,10-12Hz
1467,49,0.6206896551724138,10-12Hz
1468,49,0.5344827586206896,10-12Hz
1469,49,0.6551724137931034,10-12Hz
1470,50,0.65,6-30Hz
1471,50,0.6166666666666667,6-30Hz
1472,50,0.38333333333333336,6-30Hz
1473,50,0.65,6-30Hz
1474,50,0.5166666666666667,6-30Hz
1475,50,0.6166666666666667,6-30Hz
1476,50,0.5333333333333333,6-30Hz
1477,50,0.6,6-30Hz
1478,50,0.6333333333333333,6-30Hz
1479,50,0.65,6-30Hz
1480,50,0.6833333333333333,9-14Hz
1481,50,0.7333333333333333,9-14Hz
1482,50,0.5666666666666667,9-14Hz
1483,50,0.7166666666666667,9-14Hz
1484,50,0.5833333333333334,9-14Hz
1485,50,0.65,9-14Hz
1486,50,0.7333333333333333,9-14Hz
1487,50,0.65,9-14Hz
1488,50,0.5833333333333334,9-14Hz
1489,50,0.65,9-14Hz
1490,50,0.6833333333333333,10-12Hz
1491,50,0.7166666666666667,10-12Hz
1492,50,0.65,10-12Hz
1493,50,0.7666666666666667,10-12Hz
1494,50,0.6666666666666666,10-12Hz
1495,50,0.6666666666666666,10-12Hz
1496,50,0.5833333333333334,10-12Hz
1497,50,0.6333333333333333,10-12Hz
1498,50,0.65,10-12Hz
1499,50,0.6833333333333333,10-12Hz
1500,51,0.5254237288135594,6-30Hz
1501,51,0.5423728813559322,6-30Hz
1502,51,0.4576271186440678,6-30Hz
1503,51,0.559322033898305,6-30Hz
1504,51,0.4915254237288136,6-30Hz
1505,51,0.5254237288135594,6-30Hz
1506,51,0.5254237288135594,6-30Hz
1507,51,0.559322033898305,6-30Hz
1508,51,0.5254237288135594,6-30Hz
1509,51,0.6440677966101694,6-30Hz
1510,51,0.5084745762711864,9-14Hz
1511,51,0.5932203389830508,9-14Hz
1512,51,0.4067796610169492,9-14Hz
1513,51,0.6949152542372882,9-14Hz
1514,51,0.5084745762711864,9-14Hz
1515,51,0.559322033898305,9-14Hz
1516,51,0.4915254237288136,9-14Hz
1517,51,0.559322033898305,9-14Hz
1518,51,0.5932203389830508,9-14Hz
1519,51,0.5932203389830508,9-14Hz
1520,51,0.5254237288135594,10-12Hz
1521,51,0.5932203389830508,10-12Hz
1522,51,0.4576271186440678,10-12Hz
1523,51,0.6101694915254238,10-12Hz
1524,51,0.4915254237288136,10-12Hz
1525,51,0.5932203389830508,10-12Hz
1526,51,0.4576271186440678,10-12Hz
1527,51,0.5423728813559322,10-12Hz
1528,51,0.576271186440678,10-12Hz
1529,51,0.5423728813559322,10-12Hz
1530,52,0.7166666666666667,6-30Hz
1531,52,0.7,6-30Hz
1532,52,0.6333333333333333,6-30Hz
1533,52,0.6666666666666666,6-30Hz
1534,52,0.7,6-30Hz
1535,52,0.6666666666666666,6-30Hz
1536,52,0.7,6-30Hz
1537,52,0.65,6-30Hz
1538,52,0.5666666666666667,6-30Hz
1539,52,0.6666666666666666,6-30Hz
1540,52,0.7333333333333333,9-14Hz
1541,52,0.7,9-14Hz
1542,52,0.7666666666666667,9-14Hz
1543,52,0.6,9-14Hz
1544,52,0.7,9-14Hz
1545,52,0.6833333333333333,9-14Hz
1546,52,0.65,9-14Hz
1547,52,0.6833333333333333,9-14Hz
1548,52,0.6333333333333333,9-14Hz
1549,52,0.7166666666666667,9-14Hz
1550,52,0.5833333333333334,10-12Hz
1551,52,0.5833333333333334,10-12Hz
1552,52,0.6333333333333333,10-12Hz
1553,52,0.55,10-12Hz
1554,52,0.7333333333333333,10-12Hz
1555,52,0.5666666666666667,10-12Hz
1556,52,0.6166666666666667,10-12Hz
1557,52,0.6666666666666666,10-12Hz
1558,52,0.6166666666666667,10-12Hz
1559,52,0.6666666666666666,10-12Hz
